<?xml version="1.0" encoding="UTF-8" ?>
<!DOCTYPE mapper PUBLIC "-//mybatis.org//DTD Mapper 3.0//EN" "http://mybatis.org/dtd/mybatis-3-mapper.dtd" >
<mapper namespace="com.macroflag.plusplatform.common.mapper.nongeneric.CommonAreaMapper" >
  
    <!-- 公共查询语句 -->
	<sql id="selectSql">
		select 
		    <trim suffixOverrides="," >
		    	a.`id` as 'id',
		    	a.`area_code` as 'areaCode',
		    	a.`area_name` as 'areaName',
		    	a.`pro_ci_code` as 'proCiCode',
		    	a.`disorder` as 'disorder',
		    	a.`procode` as 'procode',
		    </trim>
	   	from 
	    	plusplatform_data_inner.`mf_common_area` as a
	</sql>
   
  	<!--根据主键查询-->
  	<select id="getByPrimaryKey" parameterType="java.lang.Long" resultType="com.macroflag.plusplatform.common.entity.CommonAreaDomain" >
		<include refid="selectSql" />
	    where 
			a.`id` = #{id}	    		
  	</select>
  
  	<!--根据主键删除-->
  	<delete id="deleteByPrimaryKey" parameterType="java.lang.Long" >
    	delete from 
    		plusplatform_data_inner.`mf_common_area`
    	where 
    		`id` = #{id}
  	</delete>
  
  	<!--新增-->
  	<insert id="insert" parameterType="com.macroflag.plusplatform.common.entity.CommonAreaDomain" >
    	<selectKey resultType="java.lang.Long" keyProperty="id" order="AFTER" >
      		SELECT LAST_INSERT_ID()
    	</selectKey>
    insert into plusplatform_data_inner.`mf_common_area`
    <trim prefix="(" suffix=")" suffixOverrides="," >
      	<if test="id != null" >
	      `id`,
	  	</if>
      	<if test="areaCode != null" >
	      `area_code`,
	  	</if>
      	<if test="areaName != null" >
	      `area_name`,
	  	</if>
      	<if test="proCiCode != null" >
	      `pro_ci_code`,
	  	</if>
      	<if test="disorder != null" >
	      `disorder`,
	  	</if>
      	<if test="procode != null" >
	      `procode`,
	  	</if>
    </trim>
    <trim prefix="values (" suffix=")" suffixOverrides="," >
    	<if test="id != null" >
        	#{id},
      	</if>
    	<if test="areaCode != null" >
        	#{areaCode},
      	</if>
    	<if test="areaName != null" >
        	#{areaName},
      	</if>
    	<if test="proCiCode != null" >
        	#{proCiCode},
      	</if>
    	<if test="disorder != null" >
        	#{disorder},
      	</if>
    	<if test="procode != null" >
        	#{procode},
      	</if>
    </trim>
  	</insert>
  
    <!-- 批量新增 -->
	<insert id="insertBatch" parameterType="java.util.List">
		<selectKey resultType="java.lang.Long" keyProperty="id"
			order="AFTER">
			SELECT LAST_INSERT_ID()
		</selectKey>
		insert into plusplatform_data_inner.`mf_common_area`
		<trim prefix="(" suffix=")" suffixOverrides=",">
						`area_code`,
						`area_name`,
						`pro_ci_code`,
						`disorder`,
						`procode`,
		</trim>
		values 
		<foreach collection="list" item="item" index="index"
			separator=",">
			<trim prefix="(" suffix=")" suffixOverrides=",">
							#{item.areaCode},
							#{item.areaName},
							#{item.proCiCode},
							#{item.disorder},
							#{item.procode},
			</trim>
		</foreach>
	</insert>
  
  	<!--更新-->
  	<update id="updateByPrimaryKey" parameterType="com.macroflag.plusplatform.common.entity.CommonAreaDomain" >
    	update plusplatform_data_inner.`mf_common_area`
   	<set >
		<if test="id != null" >
		    `id` = #{id},
		</if>
		<if test="areaCode != null" >
		    `area_code` = #{areaCode},
		</if>
		<if test="areaName != null" >
		    `area_name` = #{areaName},
		</if>
		<if test="proCiCode != null" >
		    `pro_ci_code` = #{proCiCode},
		</if>
		<if test="disorder != null" >
		    `disorder` = #{disorder},
		</if>
		<if test="procode != null" >
		    `procode` = #{procode},
		</if>
    </set>
    	where `id` = #{id}
  	</update>
  
  	<!--通用查询条件-->
  	<sql id="selectWhereSql" >
    	<trim prefix="where" prefixOverrides="and |or" >
	   		<if test="id != null" >
				and a.`id` = #{id}
	   		</if>
	   		<if test="areaCode != null" >
				and a.`area_code` = #{areaCode}
	   		</if>
	   		<if test="areaName != null" >
				and a.`area_name` = #{areaName}
	   		</if>
	   		<if test="proCiCode != null" >
				and a.`pro_ci_code` = #{proCiCode}
	   		</if>
	   		<if test="disorder != null" >
				and a.`disorder` = #{disorder}
	   		</if>
	   		<if test="procode != null" >
				and a.`procode` = #{procode}
	   		</if>
	
	   		<if test="idList != null" >
				and a.`id` in
				<foreach item="item" index="index" collection="idList"
	      			open="(" separator="," close=")">
	        		#{item}
	   			</foreach>
	   		</if>
    	</trim>
  	</sql>
  	
  	
  	<!--查询单个对象-->
  	<select id="getOne" resultType="com.macroflag.plusplatform.common.entity.CommonAreaDomain" parameterType="com.macroflag.plusplatform.common.query.CommonAreaQuery" >
    	<include refid="selectSql" />
    	<include refid="selectWhereSql" />
  	</select>
  
  	<!--查询列表-->
 	<select id="getList" resultType="com.macroflag.plusplatform.common.entity.CommonAreaDomain" parameterType="com.macroflag.plusplatform.common.query.CommonAreaQuery" >
  		<!-- 分页开始 -->
		<include refid="com.macroflag.plusplatform.common.mapper.nongeneric.GlobalMapper.pageStart" />
		<!-- 查询语句 -->
    	<include refid="selectSql" />
   		<!-- 查询条件 -->
    	<include refid="selectWhereSql" />
    	<!-- 分页排序语句 -->
		<include refid="com.macroflag.plusplatform.common.mapper.nongeneric.GlobalMapper.globalSortsql" />
		<!-- 分页结束 -->
		<include refid="com.macroflag.plusplatform.common.mapper.nongeneric.GlobalMapper.pageEnd" />
  	</select>
  
  	<!--查询总数-->
  	<select id="getListCount" resultType="java.lang.Integer" parameterType="com.macroflag.plusplatform.common.query.CommonAreaQuery" >
    	select count(1) from plusplatform_data_inner.`mf_common_area` as a
    	<include refid="selectWhereSql" />
  	</select>
  
</mapper>