<?xml version="1.0" encoding="UTF-8" ?>
<!DOCTYPE mapper PUBLIC "-//mybatis.org//DTD Mapper 3.0//EN" "http://mybatis.org/dtd/mybatis-3-mapper.dtd" >
<mapper namespace="com.macroflag.plusplatform.common.mapper.nongeneric.CommonEnumsMapper" >
<cache/>
  
    <!-- 公共查询语句 -->
	<sql id="selectSql">
		select 
		    <trim suffixOverrides="," >
		    	a.`id` as 'id',
		    	a.`code` as 'code',
		    	a.`name` as 'name',
		    	a.`description` as 'description',
		    	a.`parent_id` as 'parentId',
		    	a.`is_active` as 'isActive',
		    	a.`create_time` as 'createTime',
		    	a.`create_user` as 'createUser',
		    	a.`update_time` as 'updateTime',
		    	a.`update_user` as 'updateUser',
		    </trim>
	   	from 
	    	`mf_common_enums` as a
	</sql>
   
  	<!--根据主键查询-->
  	<select id="getByPrimaryKey" parameterType="java.lang.Long" resultType="com.macroflag.plusplatform.common.entity.CommonEnumsDomain" >
		<include refid="selectSql" />
	    where 
			a.`id` = #{id}	    		
  	</select>
  
  	<!--根据主键删除-->
  	<delete id="deleteByPrimaryKey" parameterType="java.lang.Long" >
    	delete from 
    		`mf_common_enums` 
    	where 
    		`id` = #{id}
  	</delete>
  
  	<!--新增-->
  	<insert id="insert" parameterType="com.macroflag.plusplatform.common.entity.CommonEnumsDomain" >
    	<selectKey resultType="java.lang.Long" keyProperty="id" order="AFTER" >
      		SELECT LAST_INSERT_ID()
    	</selectKey>
    insert into `mf_common_enums` 
    <trim prefix="(" suffix=")" suffixOverrides="," >
      	<if test="id != null" >
	      `id`,
	  	</if>
      	<if test="code != null" >
	      `code`,
	  	</if>
      	<if test="name != null" >
	      `name`,
	  	</if>
      	<if test="description != null" >
	      `description`,
	  	</if>
      	<if test="parentId != null" >
	      `parent_id`,
	  	</if>
      	<if test="isActive != null" >
	      `is_active`,
	  	</if>
      	<if test="createTime != null" >
	      `create_time`,
	  	</if>
      	<if test="createUser != null" >
	      `create_user`,
	  	</if>
      	<if test="updateTime != null" >
	      `update_time`,
	  	</if>
      	<if test="updateUser != null" >
	      `update_user`,
	  	</if>
    </trim>
    <trim prefix="values (" suffix=")" suffixOverrides="," >
    	<if test="id != null" >
        	#{id},
      	</if>
    	<if test="code != null" >
        	#{code},
      	</if>
    	<if test="name != null" >
        	#{name},
      	</if>
    	<if test="description != null" >
        	#{description},
      	</if>
    	<if test="parentId != null" >
        	#{parentId},
      	</if>
    	<if test="isActive != null" >
        	#{isActive},
      	</if>
    	<if test="createTime != null" >
        	#{createTime},
      	</if>
    	<if test="createUser != null" >
        	#{createUser},
      	</if>
    	<if test="updateTime != null" >
        	#{updateTime},
      	</if>
    	<if test="updateUser != null" >
        	#{updateUser},
      	</if>
    </trim>
  	</insert>
  
    <!-- 批量新增 -->
	<insert id="insertBatch" parameterType="java.util.List">
		<selectKey resultType="java.lang.Long" keyProperty="id"
			order="AFTER">
			SELECT LAST_INSERT_ID()
		</selectKey>
		insert into `mf_common_enums`
		<trim prefix="(" suffix=")" suffixOverrides=",">
						`code`,
						`name`,
						`description`,
						`parent_id`,
						`is_active`,
						`create_time`,
						`create_user`,
						`update_time`,
						`update_user`,
		</trim>
		values 
		<foreach collection="list" item="item" index="index"
			separator=",">
			<trim prefix="(" suffix=")" suffixOverrides=",">
							#{item.code},
							#{item.name},
							#{item.description},
							#{item.parentId},
							#{item.isActive},
							#{item.createTime},
							#{item.createUser},
							#{item.updateTime},
							#{item.updateUser},
			</trim>
		</foreach>
	</insert>
  
  	<!--更新-->
  	<update id="updateByPrimaryKey" parameterType="com.macroflag.plusplatform.common.entity.CommonEnumsDomain" >
    	update `mf_common_enums`
   	<set >
		<if test="id != null" >
		    `id` = #{id},
		</if>
		<if test="code != null" >
		    `code` = #{code},
		</if>
		<if test="name != null" >
		    `name` = #{name},
		</if>
		<if test="description != null" >
		    `description` = #{description},
		</if>
		<if test="parentId != null" >
		    `parent_id` = #{parentId},
		</if>
		<if test="isActive != null" >
		    `is_active` = #{isActive},
		</if>
		<if test="createTime != null" >
		    `create_time` = #{createTime},
		</if>
		<if test="createUser != null" >
		    `create_user` = #{createUser},
		</if>
		<if test="updateTime != null" >
		    `update_time` = #{updateTime},
		</if>
		<if test="updateUser != null" >
		    `update_user` = #{updateUser},
		</if>
    </set>
    	where `id` = #{id}
  	</update>
  
  	<!--通用查询条件-->
  	<sql id="selectWhereSql" >
    	<trim prefix="where" prefixOverrides="and |or" >
	   		<if test="id != null" >
				and a.`id` = #{id}
	   		</if>
	   		<if test="code != null" >
				and a.`code` = #{code}
	   		</if>
	   		<if test="name != null" >
				and a.`name` = #{name}
	   		</if>
	   		<if test="description != null" >
				and a.`description` = #{description}
	   		</if>
	   		<if test="parentId != null" >
				and a.`parent_id` = #{parentId}
	   		</if>
	   		<if test="isActive != null" >
				and a.`is_active` = #{isActive}
	   		</if>
	   		<if test="createTime != null" >
				and a.`create_time` = #{createTime}
	   		</if>
	   		<if test="createUser != null" >
				and a.`create_user` = #{createUser}
	   		</if>
	   		<if test="updateTime != null" >
				and a.`update_time` = #{updateTime}
	   		</if>
	   		<if test="updateUser != null" >
				and a.`update_user` = #{updateUser}
	   		</if>
	
	   		<if test="idList != null" >
				and a.`id` in
				<foreach item="item" index="index" collection="idList"
	      			open="(" separator="," close=")">
	        		#{item}
	   			</foreach>
	   		</if>
    	</trim>
  	</sql>
  	
  	
  	<!--查询单个对象-->
  	<select id="getOne" resultType="com.macroflag.plusplatform.common.entity.CommonEnumsDomain" parameterType="com.macroflag.plusplatform.common.query.CommonEnumsQuery" >
    	<include refid="selectSql" />
    	<include refid="selectWhereSql" />
  	</select>
  
  	<!--查询列表-->
 	<select id="getList" resultType="com.macroflag.plusplatform.common.entity.CommonEnumsDomain" parameterType="com.macroflag.plusplatform.common.query.CommonEnumsQuery" >
  		<!-- 分页开始 -->
		<include refid="com.macroflag.plusplatform.common.mapper.nongeneric.GlobalMapper.pageStart" />
		<!-- 查询语句 -->
    	<include refid="selectSql" />
   		<!-- 查询条件 -->
    	<include refid="selectWhereSql" />
    	<!-- 分页排序语句 -->
		<include refid="com.macroflag.plusplatform.common.mapper.nongeneric.GlobalMapper.globalSortsql" />
		<!-- 分页结束 -->
		<include refid="com.macroflag.plusplatform.common.mapper.nongeneric.GlobalMapper.pageEnd" />
  	</select>
  
  	<!--查询总数-->
  	<select id="getListCount" resultType="java.lang.Integer" parameterType="com.macroflag.plusplatform.common.query.CommonEnumsQuery" >
    	select count(1) from `mf_common_enums` as a
    	<include refid="selectWhereSql" />
  	</select>
  
</mapper>