<?xml version="1.0" encoding="UTF-8" ?>
<!DOCTYPE mapper PUBLIC "-//mybatis.org//DTD Mapper 3.0//EN" "http://mybatis.org/dtd/mybatis-3-mapper.dtd" >
<mapper namespace="com.macroflag.plusplatform.common.mapper.nongeneric.GlobalMapper">

	<select id="getSequenceValueBySequenceName" parameterType="java.lang.String"
		resultType="long">
		<![CDATA[ select ${value}.nextval from dual ]]>
	</select>

	<sql id="globalSortsql">
		<choose>
			<when test="sort != null">
				<![CDATA[ order by ${sort}]]>
			</when>
			<when test="orderBy != null">
				<![CDATA[ ${orderBy}]]>
			</when>
		</choose>
	</sql>

	
	<sql id="pageStart">
		<include refid="com.macroflag.plusplatform.common.mapper.nongeneric.GlobalMapper.mysql_pageStart" />
	</sql>

	<sql id="pageEnd">
		<include refid="com.macroflag.plusplatform.common.mapper.nongeneric.GlobalMapper.mysql_pageEnd" />
	</sql>
	

	<sql id="mysql_pageStart">
		<![CDATA[ ]]>
	</sql>
	<sql id="mysql_pageEnd">
		<if test="rowstartindex != null and rowendindex != null">
			<![CDATA[
				limit #{rowstartindex},#{rowendindex}
			]]>
		</if>
	</sql>

	<sql id="oracle_pageStart">
		<![CDATA[
			select b.* from (select tb.*, rownum r from (
		]]>
	</sql>
	<sql id="oracle_pageEnd">
		<![CDATA[ ) tb) b ]]>
		<if test="rowstartindex != null and rowendindex != null">
			<![CDATA[ where r>= #{rowstartindex} and r <= #{rowendindex} ]]>
		</if>
	</sql>

</mapper>