<?xml version="1.0" encoding="UTF-8" ?>
<!DOCTYPE mapper PUBLIC "-//mybatis.org//DTD Mapper 3.0//EN" "http://mybatis.org/dtd/mybatis-3-mapper.dtd" >
<mapper namespace="com.macroflag.plusplatform.common.mapper.nongeneric.ProductSceneMapper" >
  
    <!-- 公共查询语句 -->
	<sql id="selectSql">
		select 
		    <trim suffixOverrides="," >
		    	a.`id` as 'id',
		    	a.`product_no` as 'productNo',
		    	a.`scene_name` as 'sceneName',
		    	a.`scene_no` as 'sceneNo',
		    	a.`remark` as 'remark',
		    	a.`spare1` as 'spare1',
		    	a.`spare2` as 'spare2',
		    	a.`spare3` as 'spare3',
		    	a.`spare4` as 'spare4',
		    	a.`is_active` as 'isActive',
		    	a.`create_time` as 'createTime',
		    	a.`create_user` as 'createUser',
		    	a.`update_time` as 'updateTime',
		    	a.`update_user` as 'updateUser',
		    </trim>
	   	from 
	    	`mf_common_product_scene` as a
	</sql>
   
  	<!--根据主键查询-->
  	<select id="getByPrimaryKey" parameterType="java.lang.Long" resultType="com.macroflag.plusplatform.common.entity.ProductSceneDomain" >
		<include refid="selectSql" />
	    where 
			a.`id` = #{id}	    		
  	</select>
  
  	<!--根据主键删除-->
  	<delete id="deleteByPrimaryKey" parameterType="java.lang.Long" >
    	delete from 
    		`mf_common_product_scene` 
    	where 
    		`id` = #{id}
  	</delete>
  
  	<!--新增-->
  	<insert id="insert" parameterType="com.macroflag.plusplatform.common.entity.ProductSceneDomain" >
    	<selectKey resultType="java.lang.Long" keyProperty="id" order="AFTER" >
      		SELECT LAST_INSERT_ID()
    	</selectKey>
    insert into `mf_common_product_scene` 
    <trim prefix="(" suffix=")" suffixOverrides="," >
      	<if test="id != null" >
	      `id`,
	  	</if>
      	<if test="productNo != null" >
	      `product_no`,
	  	</if>
      	<if test="sceneName != null" >
	      `scene_name`,
	  	</if>
      	<if test="sceneNo != null" >
	      `scene_no`,
	  	</if>
      	<if test="remark != null" >
	      `remark`,
	  	</if>
      	<if test="spare1 != null" >
	      `spare1`,
	  	</if>
      	<if test="spare2 != null" >
	      `spare2`,
	  	</if>
      	<if test="spare3 != null" >
	      `spare3`,
	  	</if>
      	<if test="spare4 != null" >
	      `spare4`,
	  	</if>
      	<if test="isActive != null" >
	      `is_active`,
	  	</if>
      	<if test="createTime != null" >
	      `create_time`,
	  	</if>
      	<if test="createUser != null" >
	      `create_user`,
	  	</if>
      	<if test="updateTime != null" >
	      `update_time`,
	  	</if>
      	<if test="updateUser != null" >
	      `update_user`,
	  	</if>
    </trim>
    <trim prefix="values (" suffix=")" suffixOverrides="," >
    	<if test="id != null" >
        	#{id},
      	</if>
    	<if test="productNo != null" >
        	#{productNo},
      	</if>
    	<if test="sceneName != null" >
        	#{sceneName},
      	</if>
    	<if test="sceneNo != null" >
        	#{sceneNo},
      	</if>
    	<if test="remark != null" >
        	#{remark},
      	</if>
    	<if test="spare1 != null" >
        	#{spare1},
      	</if>
    	<if test="spare2 != null" >
        	#{spare2},
      	</if>
    	<if test="spare3 != null" >
        	#{spare3},
      	</if>
    	<if test="spare4 != null" >
        	#{spare4},
      	</if>
    	<if test="isActive != null" >
        	#{isActive},
      	</if>
    	<if test="createTime != null" >
        	#{createTime},
      	</if>
    	<if test="createUser != null" >
        	#{createUser},
      	</if>
    	<if test="updateTime != null" >
        	#{updateTime},
      	</if>
    	<if test="updateUser != null" >
        	#{updateUser},
      	</if>
    </trim>
  	</insert>
  
    <!-- 批量新增 -->
	<insert id="insertBatch" parameterType="java.util.List">
		<selectKey resultType="java.lang.Long" keyProperty="id"
			order="AFTER">
			SELECT LAST_INSERT_ID()
		</selectKey>
		insert into `mf_common_product_scene`
		<trim prefix="(" suffix=")" suffixOverrides=",">
						`product_no`,
						`scene_name`,
						`scene_no`,
						`remark`,
						`spare1`,
						`spare2`,
						`spare3`,
						`spare4`,
						`is_active`,
						`create_time`,
						`create_user`,
						`update_time`,
						`update_user`,
		</trim>
		values 
		<foreach collection="list" item="item" index="index"
			separator=",">
			<trim prefix="(" suffix=")" suffixOverrides=",">
							#{item.productNo},
							#{item.sceneName},
							#{item.sceneNo},
							#{item.remark},
							#{item.spare1},
							#{item.spare2},
							#{item.spare3},
							#{item.spare4},
							#{item.isActive},
							#{item.createTime},
							#{item.createUser},
							#{item.updateTime},
							#{item.updateUser},
			</trim>
		</foreach>
	</insert>
  
  	<!--更新-->
  	<update id="updateByPrimaryKey" parameterType="com.macroflag.plusplatform.common.entity.ProductSceneDomain" >
    	update `mf_common_product_scene`
   	<set >
		<if test="id != null" >
		    `id` = #{id},
		</if>
		<if test="productNo != null" >
		    `product_no` = #{productNo},
		</if>
		<if test="sceneName != null" >
		    `scene_name` = #{sceneName},
		</if>
		<if test="sceneNo != null" >
		    `scene_no` = #{sceneNo},
		</if>
		<if test="remark != null" >
		    `remark` = #{remark},
		</if>
		<if test="spare1 != null" >
		    `spare1` = #{spare1},
		</if>
		<if test="spare2 != null" >
		    `spare2` = #{spare2},
		</if>
		<if test="spare3 != null" >
		    `spare3` = #{spare3},
		</if>
		<if test="spare4 != null" >
		    `spare4` = #{spare4},
		</if>
		<if test="isActive != null" >
		    `is_active` = #{isActive},
		</if>
		<if test="createTime != null" >
		    `create_time` = #{createTime},
		</if>
		<if test="createUser != null" >
		    `create_user` = #{createUser},
		</if>
		<if test="updateTime != null" >
		    `update_time` = #{updateTime},
		</if>
		<if test="updateUser != null" >
		    `update_user` = #{updateUser},
		</if>
    </set>
    	where `id` = #{id}
  	</update>
  
  	<!--通用查询条件-->
  	<sql id="selectWhereSql" >
    	<trim prefix="where" prefixOverrides="and |or" >
	   		<if test="id != null" >
				and a.`id` = #{id}
	   		</if>
	   		<if test="productNo != null" >
				and a.`product_no` = #{productNo}
	   		</if>
	   		<if test="sceneName != null" >
				and a.`scene_name` = #{sceneName}
	   		</if>
	   		<if test="sceneNo != null" >
				and a.`scene_no` = #{sceneNo}
	   		</if>
	   		<if test="remark != null" >
				and a.`remark` = #{remark}
	   		</if>
	   		<if test="spare1 != null" >
				and a.`spare1` = #{spare1}
	   		</if>
	   		<if test="spare2 != null" >
				and a.`spare2` = #{spare2}
	   		</if>
	   		<if test="spare3 != null" >
				and a.`spare3` = #{spare3}
	   		</if>
	   		<if test="spare4 != null" >
				and a.`spare4` = #{spare4}
	   		</if>
	   		<if test="isActive != null" >
				and a.`is_active` = #{isActive}
	   		</if>
	   		<if test="createTime != null" >
				and a.`create_time` = #{createTime}
	   		</if>
	   		<if test="createUser != null" >
				and a.`create_user` = #{createUser}
	   		</if>
	   		<if test="updateTime != null" >
				and a.`update_time` = #{updateTime}
	   		</if>
	   		<if test="updateUser != null" >
				and a.`update_user` = #{updateUser}
	   		</if>
	
	   		<if test="idList != null" >
				and a.`id` in
				<foreach item="item" index="index" collection="idList"
	      			open="(" separator="," close=")">
	        		#{item}
	   			</foreach>
	   		</if>
    	</trim>
  	</sql>
  	
  	
  	<!--查询单个对象-->
  	<select id="getOne" resultType="com.macroflag.plusplatform.common.entity.ProductSceneDomain" parameterType="com.macroflag.plusplatform.common.query.ProductSceneQuery" >
    	<include refid="selectSql" />
    	<include refid="selectWhereSql" />
    	limit 1
  	</select>
  
  	<!--查询列表-->
 	<select id="getList" resultType="com.macroflag.plusplatform.common.entity.ProductSceneDomain" parameterType="com.macroflag.plusplatform.common.query.ProductSceneQuery" >
  		<!-- 分页开始 -->
		<include refid="com.macroflag.plusplatform.common.mapper.nongeneric.GlobalMapper.pageStart" />
		<!-- 查询语句 -->
    	<include refid="selectSql" />
   		<!-- 查询条件 -->
    	<include refid="selectWhereSql" />
    	<!-- 分页排序语句 -->
		<include refid="com.macroflag.plusplatform.common.mapper.nongeneric.GlobalMapper.globalSortsql" />
		<!-- 分页结束 -->
		<include refid="com.macroflag.plusplatform.common.mapper.nongeneric.GlobalMapper.pageEnd" />
  	</select>
  
  	<!--查询总数-->
  	<select id="getListCount" resultType="java.lang.Integer" parameterType="com.macroflag.plusplatform.common.query.ProductSceneQuery" >
    	select count(1) from `mf_common_product_scene` as a
    	<include refid="selectWhereSql" />
  	</select>
  
</mapper>