<?xml version="1.0" encoding="UTF-8" ?>
<!DOCTYPE mapper PUBLIC "-//mybatis.org//DTD Mapper 3.0//EN" "http://mybatis.org/dtd/mybatis-3-mapper.dtd" >
<mapper
	namespace="com.macroflag.plusplatform.common.mapper.nongeneric.ScheduleApplyTaskMapper">

	<!-- 公共查询语句 -->
	<sql id="selectSql">
		select
		<trim suffixOverrides=",">
			a.`id` as 'id',
			a.`apply_no` as 'applyNo',
			a.`unique_no` as 'uniqueNo',
			a.`product_name` as 'productName',
			a.`is_aync` as 'isAync',
			a.`status` as 'status',
			a.`retry_times` as
			'retryTimes',
			a.`max_times` as 'maxTimes',
			a.`weights` as 'weights',
			a.`spare1` as 'spare1',
			a.`spare2` as 'spare2',
			a.`spare3` as 'spare3',
			a.`spare4` as 'spare4',
			a.`create_time` as 'createTime',
			a.`create_user` as 'createUser',
			a.`update_time` as 'updateTime',
			a.`update_user` as 'updateUser',
		</trim>
		from
		`mf_schedule_apply_task` as a
	</sql>

	<!--根据主键查询 -->
	<select id="getByPrimaryKey" parameterType="java.lang.Long"
		resultType="com.macroflag.plusplatform.common.entity.ScheduleApplyTaskDomain">
		<include refid="selectSql" />
		where
		a.`id` = #{id}
	</select>

	<!--根据主键删除 -->
	<delete id="deleteByPrimaryKey" parameterType="java.lang.Long">
		delete from
		`mf_schedule_apply_task`
		where
		`id` = #{id}
	</delete>

	<!--新增 -->
	<insert id="insert"
		parameterType="com.macroflag.plusplatform.common.entity.ScheduleApplyTaskDomain">
		<selectKey resultType="java.lang.Long" keyProperty="id"
			order="AFTER">
			SELECT LAST_INSERT_ID()
		</selectKey>
		insert into `mf_schedule_apply_task`
		<trim prefix="(" suffix=")" suffixOverrides=",">
			<if test="id != null">
				`id`,
			</if>
			<if test="applyNo != null">
				`apply_no`,
			</if>
			<if test="uniqueNo != null">
				`unique_no`,
			</if>
			<if test="productName != null">
				`product_name`,
			</if>
			<if test="isAync != null">
				`is_aync`,
			</if>
			<if test="status != null">
				`status`,
			</if>
			<if test="retryTimes != null">
				`retry_times`,
			</if>
			<if test="maxTimes != null">
				`max_times`,
			</if>
			<if test="weights != null">
				`weights`,
			</if>
			<if test="spare1 != null">
				`spare1`,
			</if>
			<if test="spare2 != null">
				`spare2`,
			</if>
			<if test="spare3 != null">
				`spare3`,
			</if>
			<if test="spare4 != null">
				`spare4`,
			</if>
			<if test="createTime != null">
				`create_time`,
			</if>
			<if test="createUser != null">
				`create_user`,
			</if>
			<if test="updateTime != null">
				`update_time`,
			</if>
			<if test="updateUser != null">
				`update_user`,
			</if>
		</trim>
		<trim prefix="values (" suffix=")" suffixOverrides=",">
			<if test="id != null">
				#{id},
			</if>
			<if test="applyNo != null">
				#{applyNo},
			</if>
			<if test="uniqueNo != null">
				#{uniqueNo},
			</if>
			<if test="productName != null">
				#{productName},
			</if>
			<if test="isAync != null">
				#{isAync},
			</if>
			<if test="status != null">
				#{status},
			</if>
			<if test="retryTimes != null">
				#{retryTimes},
			</if>
			<if test="maxTimes != null">
				#{maxTimes},
			</if>
			<if test="weights != null">
				#{weights},
			</if>
			<if test="spare1 != null">
				#{spare1},
			</if>
			<if test="spare2 != null">
				#{spare2},
			</if>
			<if test="spare3 != null">
				#{spare3},
			</if>
			<if test="spare4 != null">
				#{spare4},
			</if>
			<if test="createTime != null">
				#{createTime},
			</if>
			<if test="createUser != null">
				#{createUser},
			</if>
			<if test="updateTime != null">
				#{updateTime},
			</if>
			<if test="updateUser != null">
				#{updateUser},
			</if>
		</trim>
	</insert>

	<!-- 批量新增 -->
	<insert id="insertBatch" parameterType="java.util.List">
		<selectKey resultType="java.lang.Long" keyProperty="id"
			order="AFTER">
			SELECT LAST_INSERT_ID()
		</selectKey>
		insert into `mf_schedule_apply_task`
		<trim prefix="(" suffix=")" suffixOverrides=",">
			`apply_no`,
			`unique_no`,
			`product_name`,
			`is_aync`,
			`status`,
			`retry_times`,
			`max_times`,
			`weights`,
			`spare1`,
			`spare2`,
			`spare3`,
			`spare4`,
			`create_time`,
			`create_user`,
			`update_time`,
			`update_user`,
		</trim>
		values
		<foreach collection="list" item="item" index="index"
			separator=",">
			<trim prefix="(" suffix=")" suffixOverrides=",">
				#{item.applyNo},
				#{item.uniqueNo},
				#{item.productName},
				#{item.isAync},
				#{item.status},
				#{item.retryTimes},
				#{item.maxTimes},
				#{item.weights},
				#{item.spare1},
				#{item.spare2},
				#{item.spare3},
				#{item.spare4},
				#{item.createTime},
				#{item.createUser},
				#{item.updateTime},
				#{item.updateUser},
			</trim>
		</foreach>
	</insert>

	<!--更新 -->
	<update id="updateByPrimaryKey"
		parameterType="com.macroflag.plusplatform.common.entity.ScheduleApplyTaskDomain">
		update `mf_schedule_apply_task`
		<set>
			<if test="id != null">
				`id` = #{id},
			</if>
			<if test="applyNo != null">
				`apply_no` = #{applyNo},
			</if>
			<if test="uniqueNo != null">
				`unique_no` = #{uniqueNo},
			</if>
			<if test="productName != null">
				`product_name` = #{productName},
			</if>
			<if test="isAync != null">
				`is_aync` = #{isAync},
			</if>
			<if test="status != null">
				`status` = #{status},
			</if>
			<if test="retryTimes != null">
				`retry_times` = #{retryTimes},
			</if>
			<if test="maxTimes != null">
				`max_times` = #{maxTimes},
			</if>
			<if test="weights != null">
				`weights` = #{weights},
			</if>
			<if test="spare1 != null">
				`spare1` = #{spare1},
			</if>
			<if test="spare2 != null">
				`spare2` = #{spare2},
			</if>
			<if test="spare3 != null">
				`spare3` = #{spare3},
			</if>
			<if test="spare4 != null">
				`spare4` = #{spare4},
			</if>
			<if test="createTime != null">
				`create_time` = #{createTime},
			</if>
			<if test="createUser != null">
				`create_user` = #{createUser},
			</if>
			<if test="updateTime != null">
				`update_time` = #{updateTime},
			</if>
			<if test="updateUser != null">
				`update_user` = #{updateUser},
			</if>
		</set>
		where `id` = #{id}
	</update>

	<!--通用查询条件 -->
	<sql id="selectWhereSql">
		<trim prefix="where" prefixOverrides="and |or">
			<if test="id != null">
				and a.`id` = #{id}
			</if>
			<if test="applyNo != null">
				and a.`apply_no` = #{applyNo}
			</if>
			<if test="uniqueNo != null">
				and a.`unique_no` = #{uniqueNo}
			</if>
			<if test="productName != null">
				and a.`product_name` =
				#{productName}
			</if>
			<if test="isAync != null">
				and a.`is_aync` = #{isAync}
			</if>
			<if test="status != null">
				and a.`status` = #{status}
			</if>
			<if test="retryTimes != null">
				and a.`retry_times` = #{retryTimes}
			</if>
			<if test="maxTimes != null">
				and a.`max_times` = #{maxTimes}
			</if>
			<if test="weights != null">
				and a.`weights` = #{weights}
			</if>
			<if test="spare1 != null">
				and a.`spare1` = #{spare1}
			</if>
			<if test="spare2 != null">
				and a.`spare2` = #{spare2}
			</if>
			<if test="spare3 != null">
				and a.`spare3` = #{spare3}
			</if>
			<if test="spare4 != null">
				and a.`spare4` = #{spare4}
			</if>
			<if test="createTime != null">
				and a.`create_time` = #{createTime}
			</if>
			<if test="createUser != null">
				and a.`create_user` = #{createUser}
			</if>
			<if test="updateTime != null">
				and a.`update_time` = #{updateTime}
			</if>
			<if test="updateUser != null">
				and a.`update_user` = #{updateUser}
			</if>

			<if test="idList != null">
				and a.`id` in
				<foreach item="item" index="index" collection="idList" open="("
					separator="," close=")">
					#{item}
				</foreach>
			</if>
		</trim>
	</sql>


	<!--查询单个对象 -->
	<select id="getOne"
		resultType="com.macroflag.plusplatform.common.entity.ScheduleApplyTaskDomain"
		parameterType="com.macroflag.plusplatform.common.query.ScheduleApplyTaskQuery">
		<include refid="selectSql" />
		<include refid="selectWhereSql" />
	</select>

	<!--查询列表 -->
	<select id="getList"
		resultType="com.macroflag.plusplatform.common.entity.ScheduleApplyTaskDomain"
		parameterType="com.macroflag.plusplatform.common.query.ScheduleApplyTaskQuery">
		<!-- 分页开始 -->
		<include refid="com.macroflag.plusplatform.common.mapper.nongeneric.GlobalMapper.pageStart" />
		<!-- 查询语句 -->
		<include refid="selectSql" />
		<!-- 查询条件 -->
		<include refid="selectWhereSql" />
		<!-- 分页排序语句 -->
		<include refid="com.macroflag.plusplatform.common.mapper.nongeneric.GlobalMapper.globalSortsql" />
		<!-- 分页结束 -->
		<include refid="com.macroflag.plusplatform.common.mapper.nongeneric.GlobalMapper.pageEnd" />
	</select>

	<!--查询总数 -->
	<select id="getListCount" resultType="java.lang.Integer"
		parameterType="com.macroflag.plusplatform.common.query.ScheduleApplyTaskQuery">
		select count(1) from `mf_schedule_apply_task` as a
		<include refid="selectWhereSql" />
	</select>


	<!--查询未完成任务 -->
	<select id="getUpcomingList"
		resultType="com.macroflag.plusplatform.common.entity.ScheduleApplyTaskDomain"
		parameterType="com.macroflag.plusplatform.common.query.ScheduleApplyTaskQuery">
		<!-- 查询语句 -->
		<include refid="selectSql" />
		<!-- 查询条件 -->
		<include refid="selectWhereSql2" />
	</select>

	<!--通用查询条件2 -->
	<sql id="selectWhereSql2">
		<trim prefix="where" prefixOverrides="and |or">
			<if test="id != null">
				and a.`id` = #{id}
			</if>
			<if test="applyNo != null">
				and a.`apply_no` = #{applyNo}
			</if>
			<if test="uniqueNo != null">
				and a.`unique_no` = #{uniqueNo}
			</if>
			<if test="productName != null">
				and a.`product_name` =
				#{productName}
			</if>
			<if test="isAync != null">
				and a.`is_aync` = #{isAync}
			</if>
			<if test="retryTimes != null">
				and a.`retry_times` = #{retryTimes}
			</if>
			<if test="maxTimes != null">
				and a.`max_times` = #{maxTimes}
			</if>
			<if test="weights != null">
				and a.`weights` = #{weights}
			</if>
			<if test="spare1 != null">
				and a.`spare1` = #{spare1}
			</if>
			<if test="spare2 != null">
				and a.`spare2` = #{spare2}
			</if>
			<if test="spare3 != null">
				and a.`spare3` = #{spare3}
			</if>
			<if test="spare4 != null">
				and a.`spare4` = #{spare4}
			</if>
			<if test="createTime != null">
				and a.`create_time` = #{createTime}
			</if>
			<if test="createUser != null">
				and a.`create_user` = #{createUser}
			</if>
			<if test="updateTime != null">
				and a.`update_time` = #{updateTime}
			</if>
			<if test="updateUser != null">
				and a.`update_user` = #{updateUser}
			</if>
			<![CDATA[
			and a.`status` != 2
			and a.`status` != 1
			and a.`retry_times` < a.`max_times`
		 ]]>
		</trim>
	</sql>
	
	
</mapper>