<?xml version="1.0" encoding="UTF-8"?>
<!DOCTYPE mapper PUBLIC "-//mybatis.org//DTD Mapper 3.0//EN" "http://mybatis.org/dtd/mybatis-3-mapper.dtd">

<mapper namespace="com.macroflag.plusplatform.common.mapper.nongeneric.SysConfigMapper">

    <!-- 可根据自己的需求，是否要使用 -->
    <resultMap type="com.macroflag.plusplatform.common.entity.SysConfig" id="sysConfigMap">
        <result property="id" column="id"/>
        <result property="configKey" column="config_key"/>
        <result property="configValue" column="config_value"/>
    </resultMap>
    <select id="findAll" resultMap="sysConfigMap">
        select * from plusplatform_data_inner.`sys_config`
    </select>

    <select id="getOneByKey" resultMap="sysConfigMap" parameterType="String">
        select * from plusplatform_data_inner.`sys_config`
        where config_key = #{key}
    </select>

</mapper>