<?xml version="1.0" encoding="UTF-8" ?>
<!DOCTYPE mapper PUBLIC "-//mybatis.org//DTD Mapper 3.0//EN" "http://mybatis.org/dtd/mybatis-3-mapper.dtd" >
<mapper namespace="com.macroflag.plusplatform.data.inner.mapper.YellowpagePhoneMapper" >
  <resultMap id="BaseResultMap" type="com.macroflag.plusplatform.data.inner.entity.YellowpagePhone" >
    <!--
      WARNING - @mbg.generated
    -->
    <id column="id" property="id" jdbcType="BIGINT" />
    <result column="phone_nbr" property="phoneNbr" jdbcType="VARCHAR" />
    <result column="source" property="source" jdbcType="INTEGER" />
    <result column="institute" property="institute" jdbcType="VARCHAR" />
    <result column="category1" property="category1" jdbcType="VARCHAR" />
    <result column="category2" property="category2" jdbcType="VARCHAR" />
    <result column="category3" property="category3" jdbcType="VARCHAR" />
    <result column="create_time" property="createTime" jdbcType="TIMESTAMP" />
    <result column="create_user" property="createUser" jdbcType="VARCHAR" />
    <result column="update_time" property="updateTime" jdbcType="TIMESTAMP" />
    <result column="update_user" property="updateUser" jdbcType="TIMESTAMP" />
  </resultMap>
</mapper>